item_id,cluster
2,2
36,0
39,16
40,10
41,16
42,15
43,19
44,16
45,14
46,8
47,0
48,7
50,19
52,14
53,0
54,8
56,19
58,8
60,18
62,8
64,19
66,8
68,14
70,2
72,18
91,14
93,11
95,14
97,15
99,7
101,19
103,8
105,19
107,0
109,8
111,9
113,17
115,19
117,0
119,14
121,19
123,18
125,19
127,2
129,15
131,19
133,8
135,7
137,0
139,10
141,14
143,8
145,12
147,8
149,11
151,11
153,0
155,0
157,1
159,0
161,14
163,2
165,8
167,14
169,12
171,14
173,14
175,5
177,14
179,0
181,11
183,18
185,9
189,19
191,7
193,0
195,0
197,0
199,17
201,18
203,8
205,17
207,9
209,3
211,3
213,2
215,14
217,12
219,12
221,2
223,1
225,18
227,9
229,8
231,3
233,9
235,11
237,1
239,2
241,7
243,8
245,12
247,8
249,12
251,14
253,16
255,2
257,9
259,18
261,12
263,1
265,14
267,12
269,1
288,15
299,5
301,7
303,19
305,15
307,0
309,6
311,10
313,2
314,1
315,19
317,7
319,3
321,11
325,14
327,11
329,8
331,18
333,9
335,15
339,2
341,8
345,15
347,11
349,0
351,7
353,14
355,8
359,12
361,18
363,19
365,1
371,12
373,12
377,14
379,8
383,14
385,10
389,1
391,0
395,19
397,12
401,12
403,0
405,17
407,16
411,15
413,18
426,2
428,14
434,19
436,18
438,8
440,2
442,16
444,3
447,16
449,15
451,9
453,1
464,0
526,15
528,0
530,14
532,12
534,12
536,14
538,0
540,17
542,4
544,14
550,0
554,18
555,2
556,2
557,2
558,16
559,18
560,15
561,1
562,14
563,13
564,11
565,17
566,0
567,9
569,1
571,11
573,2
575,1
577,16
579,16
581,19
590,7
592,12
596,16
598,0
600,0
626,0
628,0
630,0
632,0
634,0
636,4
638,0
640,0
642,0
644,0
646,0
648,0
650,0
652,0
654,0
656,0
658,0
660,14
662,0
664,0
753,1
800,0
801,0
802,8
803,0
804,8
805,0
806,0
807,0
808,15
809,0
810,0
811,12
819,0
820,0
821,9
822,0
823,8
824,13
825,11
826,0
827,0
828,8
829,9
830,7
837,14
839,13
841,12
843,13
845,18
847,2
849,15
851,8
853,0
855,1
857,18
859,18
861,0
863,19
864,5
865,9
866,5
867,0
868,15
869,8
877,19
879,0
880,0
881,0
882,11
884,11
886,18
888,16
890,0
892,18
942,0
946,7
948,9
950,9
952,18
954,9
958,17
960,12
962,0
970,16
973,2
975,14
981,0
983,2
985,18
987,18
989,18
991,16
993,1
1005,19
1007,2
1009,15
1011,15
1013,0
1015,0
1017,8
1019,14
1021,5
1023,0
1025,14
1027,0
1029,0
1031,0
1033,9
1035,0
1038,0
1040,16
1042,0
1044,15
1046,0
1048,0
1050,0
1053,0
1055,0
1057,0
1059,16
1061,16
1063,17
1065,17
1067,2
1075,12
1077,12
1081,14
1087,19
1089,0
1095,5
1097,14
1099,8
1101,8
1103,2
1107,14
1115,14
1117,19
1125,14
1129,0
1131,19
1133,8
1135,8
1137,6
1139,0
1149,16
1151,7
1153,14
1155,8
1165,19
1167,0
1169,5
1171,15
1173,0
1175,15
1179,17
1187,14
1189,8
1191,1
1195,8
1203,15
1205,2
1215,7
1217,7
1237,12
1239,15
1241,14
1243,0
1245,0
1247,15
1249,12
1265,15
1267,10
1277,0
1279,0
1283,4
1291,15
1293,11
1297,3
1305,18
1307,14
1309,11
1313,8
1321,12
1323,9
1327,7
1335,0
1337,14
1341,16
1349,11
1351,2
1353,9
1355,16
1357,15
1359,9
1361,2
1363,16
1367,0
1375,12
1377,15
1379,12
1381,1
1383,11
1385,19
1387,11
1389,8
1391,10
1393,9
1395,18
1397,9
1399,7
1401,18
1403,18
1405,0
1407,14
1420,7
1422,16
1426,0
1434,8
1436,19
1438,12
1440,1
1442,7
1444,1
1446,11
1448,0
1450,7
1452,8
1454,2
1456,18
1458,11
1460,14
1462,12
1464,3
1470,0
1472,19
1474,19
1476,15
1478,7
1511,14
1513,2
1515,2
1517,9
1519,2
1521,18
1523,7
1539,5
1540,7
1550,18
1592,7
1595,0
1597,8
1599,14
1601,14
1603,9
1605,16
1607,17
1609,0
1611,9
1613,18
1615,17
1617,9
1619,9
1621,2
1623,2
1625,8
1627,2
1629,18
1631,9
1635,19
1637,10
1639,3
1641,8
1643,10
1645,16
1654,14
1656,18
1658,13
1660,18
1662,2
1664,18
1673,0
1675,0
1677,0
1679,0
1681,0
1683,0
1692,11
1694,0
1696,15
1698,14
1700,15
1702,7
1704,0
1712,7
1714,17
1716,11
1718,16
1720,0
1722,0
1724,7
1725,8
1727,8
1729,8
1731,9
1733,9
1734,8
1735,7
1737,7
1739,9
1741,18
1743,14
1745,19
1747,14
1749,15
1751,9
1753,14
1755,9
1757,19
1759,7
1761,10
1763,8
1765,1
1767,3
1769,2
1771,15
1773,1
1775,17
1777,14
1779,17
1781,18
1783,9
1785,15
1787,0
1789,0
1791,8
1793,14
1794,0
1823,14
1831,12
1833,7
1835,15
1837,2
1859,14
1861,18
1863,0
1865,0
1869,0
1871,5
1875,0
1881,0
1883,0
1885,7
1887,19
1889,0
1891,7
1893,0
1895,0
1897,13
1899,0
1901,16
1905,0
1907,2
1909,3
1911,0
1913,19
1915,0
1917,7
1919,19
1921,0
1923,2
1925,19
1927,8
1929,0
1931,9
1933,18
1935,11
1937,14
1939,16
1940,0
1941,0
1942,3
1944,3
1947,3
1949,9
1951,7
1953,3
1955,18
1957,18
1959,0
1961,19
1963,9
1965,15
1971,19
1973,19
1975,14
1978,3
1980,15
1982,9
1985,15
1987,14
1989,0
1993,12
1997,0
2001,19
2003,19
2007,7
2009,0
2011,19
2015,16
2017,15
2019,14
2021,0
2028,0
2030,19
2032,17
2034,0
2036,0
2038,0
2040,14
2048,0
2054,0
2064,0
2074,15
2080,0
2084,0
2092,14
2102,0
2104,0
2106,0
2108,0
2110,0
2112,0
2114,9
2116,7
2118,0
2120,0
2122,0
2124,0
2126,0
2128,0
2130,1
2132,10
2134,19
2136,8
2138,1
2140,9
2142,9
2150,19
2152,19
2162,5
2169,14
2171,19
2185,0
2187,18
2191,0
2195,15
2202,0
2205,0
2209,7
2213,0
2217,19
2219,0
2221,0
2223,0
2225,0
2227,0
2229,0
2231,0
2233,0
2235,0
2237,0
2239,0
2241,0
2243,8
2253,0
2255,0
2259,0
2277,0
2281,0
2283,0
2285,0
2287,14
2289,7
2291,19
2293,0
2295,7
2297,10
2299,0
2301,16
2303,0
2307,16
2309,18
2313,14
2315,2
2317,9
2319,0
2321,3
2323,8
2325,18
2327,10
2331,9
2333,0
2335,0
2337,0
2341,15
2343,14
2347,19
2349,1
2351,11
2353,11
2355,9
2357,2
2359,1
2361,12
2363,16
2366,9
2368,0
2370,14
2391,15
2428,0
2430,12
2432,0
2434,8
2436,0
2438,15
2440,19
2442,11
2444,1
2446,8
2448,1
2450,0
2452,12
2454,17
2456,19
2458,17
2460,14
2462,0
2464,15
2466,15
2468,14
2470,8
2472,0
2474,0
2476,0
2481,12
2483,1
2485,18
2487,0
2489,7
2491,16
2493,2
2495,16
2497,7
2499,2
2501,15
2503,9
2505,8
2507,7
2509,12
2532,0
2533,0
2534,0
2535,0
2536,0
2537,14
2538,0
2539,0
2540,0
2541,0
2550,0
2552,7
2566,12
2568,0
2570,19
2572,18
2577,15
2579,16
2581,7
2583,15
2585,4
2587,17
2589,4
2591,4
2593,16
2595,5
2597,7
2599,0
2601,0
2603,17
2605,7
2607,7
2609,4
2611,0
2613,14
2615,5
2617,16
2619,10
2621,10
2623,16
2625,16
2627,16
2629,17
2631,16
2633,2
2635,0
2637,14
2639,16
2641,7
2643,7
2645,0
2647,0
2649,0
2651,8
2653,13
2655,2
2657,14
2659,7
2661,1
2663,0
2665,13
2667,14
2669,7
2671,0
2673,7
2675,15
2859,5
2861,0
2862,8
2864,0
2865,0
2866,4
2876,14
2878,19
2890,8
2894,0
2896,0
2898,0
2900,7
2902,0
2904,0
2906,0
2908,0
2910,0
2912,17
2914,16
2916,0
2918,0
2920,7
2922,0
2924,0
2926,0
2928,0
2930,0
2932,14
2934,0
2936,0
2938,0
2940,0
2942,0
2955,0
2961,8
2970,9
2972,17
2974,0
2976,16
2997,0
2998,12
3000,0
3002,7
3004,19
3008,19
3010,19
3012,0
3014,0
3016,14
3018,14
3020,14
3022,0
3024,18
3026,16
3028,8
3030,18
3032,2
3034,7
3036,14
3038,15
3040,1
3042,17
3044,15
3046,19
3049,18
3051,2
3053,16
3054,15
3093,0
3095,16
3096,7
3098,0
3105,0
3122,0
3123,0
3125,16
3138,1
3140,9
3142,0
3144,11
3157,0
3162,14
3183,0
3188,18
3190,0
3192,4
3194,0
3196,0
3198,0
3200,2
3202,10
3204,19
3211,3
3216,19
3224,0
3226,9
3228,1
3239,0
3325,19
3327,0
3329,14
3331,0
3333,15
3335,0
3337,0
3339,0
3341,0
3343,7
3345,0
3347,0
3349,0
3351,17
3353,0
3355,0
3357,0
3359,0
3361,18
3363,14
3365,19
3367,0
3369,14
3371,7
3373,0
3377,14
3379,14
3381,0
3385,14
3387,16
3389,0
3391,0
3393,14
3396,16
3398,0
3400,0
3402,19
3404,7
3420,10
3422,4
3424,0
3426,0
3428,0
3430,7
3432,11
3434,0
3436,12
3438,0
3440,0
3442,0
3444,0
3446,14
3448,3
3470,15
3472,16
3473,7
3474,14
3475,14
3476,14
3477,15
3478,0
3479,11
3480,14
3481,14
3483,0
3485,0
3486,7
3488,0
3749,7
3751,14
3753,0
3755,7
3759,0
3761,0
3763,17
3765,0
3767,0
3769,0
3771,0
3773,0
3775,0
3777,0
3779,0
3781,0
3783,0
3785,0
3787,0
3789,0
3791,7
3793,0
3795,0
3797,0
3799,14
3801,15
3803,0
3827,12
3828,0
3829,13
3830,8
3831,16
3832,16
3833,18
3834,7
3835,13
3836,1
3837,13
3838,0
3853,14
3867,19
4087,0
4089,15
4091,8
4093,8
4095,14
4097,0
4099,0
4101,14
4103,19
4105,0
4107,10
4109,0
4111,2
4113,0
4115,8
4117,0
4119,7
4121,19
4125,18
4151,0
4153,0
4156,19
4161,14
4162,7
4164,0
4166,0
4168,0
4170,16
4287,0
4289,0
4291,0
4293,0
4298,10
4300,18
4302,16
4304,0
4306,1
4308,16
4310,7
4315,0
4317,0
4319,0
4321,9
4323,0
4325,0
4327,0
4329,0
4331,0
4333,0
4335,0
4337,0
4339,0
4341,0
4343,0
4345,8
4347,0
4349,0
4351,16
4353,0
4355,11
4357,0
4359,0
4361,0
4363,0
4365,0
4367,0
4369,0
4371,0
4373,0
4375,19
4377,0
4379,0
4381,8
4383,0
4385,0
4387,0
4389,0
4391,0
4393,0
4395,0
4397,0
4399,0
4401,11
4403,0
4405,0
4407,0
4409,0
4411,0
4413,0
4417,0
4419,0
4421,0
4423,0
4436,0
4438,0
4440,7
4456,19
4458,0
4460,0
4517,0
4522,0
4525,0
4527,15
4529,18
4535,0
4537,0
4540,0
4542,0
4544,14
4546,14
4548,7
4551,19
4580,14
4585,19
4587,19
4600,0
4608,0
4627,14
4675,14
4694,7
4695,1
4696,11
4697,2
4698,1
4699,14
4708,16
4710,18
4712,6
4714,19
4716,0
4718,19
4720,9
4722,0
4724,0
4726,15
4728,7
4730,11
4732,0
4734,7
4736,16
4738,16
4740,14
4745,16
4747,15
4749,0
4751,0
4753,18
4755,0
4757,11
4759,16
4773,0
4778,17
4783,0
4788,0
4793,0
4798,19
4803,0
4812,15
4819,0
4820,8
4821,14
4822,8
4823,5
4824,8
4825,0
4827,14
4830,11
4832,19
4834,14
4840,0
4842,0
4844,0
4846,0
4848,0
4850,16
4860,0
4866,0
4872,0
4878,0
4884,0
4902,0
4908,0
4914,0
4920,0
4926,14
4932,0
4938,0
4944,0
4950,0
4956,0
4962,0
4968,0
4974,0
4980,0
4986,0
4992,0
4998,0
5001,7
5003,0
5014,0
5016,14
5018,0
5024,0
5026,0
5028,0
5030,0
5032,11
5034,0
5036,0
5038,0
5040,0
5042,0
5044,0
5046,0
5048,0
5050,0
5052,0
5096,2
5097,16
5098,19
5099,14
5100,7
5101,17
5102,11
5103,2
5104,3
5105,16
5106,19
5280,18
5281,17
5282,7
5283,0
5284,9
5285,19
5286,1
5287,15
5288,18
5289,19
5290,0
5291,8
5292,2
5293,9
5294,16
5295,18
5296,12
5297,12
5298,3
5299,19
5300,18
5301,1
5302,17
5303,12
5304,12
5305,16
5306,9
5307,18
5308,1
5309,8
5310,19
5311,8
5312,14
5313,2
5314,7
5315,1
5316,16
5318,10
5319,14
5320,8
5321,11
5322,1
5323,19
5324,16
5325,0
5329,14
5331,8
5341,16
5343,19
5345,0
5350,0
5352,0
5354,10
5376,3
5386,0
5396,8
5406,0
5416,14
5418,7
5438,4
5458,0
5478,14
5504,8
5516,19
5521,15
5523,0
5525,6
5527,6
5529,19
5531,14
5533,9
5535,9
5537,7
5539,15
5541,5
5543,0
5545,7
5547,0
5549,19
5551,15
5574,15
5575,0
5576,0
5739,0
5741,0
5743,0
5745,0
5747,9
5749,0
5751,0
5753,0
5755,15
5757,0
5759,9
5761,0
5763,14
5765,14
5767,14
5769,0
5771,0
5773,0
5775,0
5777,0
5779,0
5781,0
5783,0
5785,0
5787,0
5789,0
5791,0
5793,14
5795,0
5797,0
5799,0
5801,0
5803,0
5805,0
5807,0
5809,0
5811,0
5813,0
5815,0
5817,0
5819,0
5821,0
5823,0
5825,0
5827,0
5829,0
5831,0
5833,0
5835,0
5837,0
5839,0
5841,0
5843,0
5845,0
5847,0
5849,0
5851,0
5853,0
5855,0
5857,0
5859,0
5861,0
5863,0
5865,0
5867,0
5869,0
5871,0
5873,0
5875,0
5877,14
5879,0
5881,0
5883,0
5885,0
5887,0
5889,0
5891,0
5893,0
5895,0
5897,0
5899,0
5901,0
5903,0
5905,0
5907,0
5909,0
5911,0
5913,0
5915,0
5917,0
5919,0
5921,0
5923,0
5925,0
5927,0
5929,0
5931,8
5933,15
5935,15
5943,7
5945,0
5947,0
5949,0
5952,19
5954,5
5956,0
5958,0
5968,0
5970,7
5972,9
5974,9
5976,8
5978,8
5980,16
5982,17
5984,0
5986,17
5988,8
5992,15
5994,0
5996,0
5998,0
6000,0
6002,0
6004,0
6006,0
6008,0
6010,12
6012,8
6014,19
6016,13
6018,15
6020,14
6022,0
6024,0
6026,0
6028,0
6030,19
6032,11
6034,9
6036,4
6038,2
6041,0
6043,14
6045,14
6047,19
6049,15
6051,19
6128,12
6129,14
6130,14
6131,16
6133,0
6135,0
6137,0
6139,15
6141,17
6143,14
6145,5
6147,8
6149,19
6151,8
6153,9
6155,13
6157,9
6159,0
6161,0
6163,0
6165,0
6167,0
6169,0
6171,0
6173,0
6211,0
6213,0
6215,0
6235,0
6237,0
6257,0
6259,0
6279,0
6281,0
6283,0
6285,14
6287,19
6289,0
6291,15
6293,2
6295,0
6297,16
6299,0
6305,0
6306,19
6311,8
6313,0
6315,0
6317,0
6319,19
6322,0
6324,14
6326,0
6328,18
6330,8
6332,11
6333,8
6335,3
6337,8
6339,11
6341,0
6343,0
6345,0
6347,0
6349,0
6351,0
6353,0
6355,0
6357,0
6359,0
6361,0
6363,0
6365,0
6367,0
6369,0
6371,0
6373,0
6375,0
6377,0
6379,0
6382,0
6384,11
6386,7
6388,0
6390,0
6392,0
6394,0
6396,0
6398,0
6400,0
6402,0
6404,0
6406,0
6408,0
6410,0
6412,14
6414,15
6416,7
6418,14
6420,14
6470,15
6472,0
6474,0
6476,0
6522,9
6523,16
6524,12
6525,0
6526,16
6527,5
6528,7
6562,7
6563,12
6568,16
6571,18
6573,8
6575,16
6577,16
6581,0
6583,16
6585,0
6587,0
6589,0
6591,0
6599,0
6601,0
6603,0
6605,0
6607,0
6609,14
6611,0
6613,0
6615,3
6617,0
6619,0
6621,0
6623,0
6625,0
6627,0
6629,0
6631,0
6633,0
6667,5
6681,0
6683,0
6685,10
6687,10
6689,18
6691,0
6693,18
6697,15
6701,19
6703,5
6705,0
6724,19
6729,12
6731,10
6733,9
6735,19
6737,16
6739,19
6760,15
6762,14
6764,18
6794,9
6809,0
6812,19
6814,5
6889,0
6908,0
6910,0
6912,0
6914,15
6916,0
6918,0
6920,15
6922,14
6924,0
6959,16
6961,0
6962,14
6963,0
6965,0
6971,0
6973,16
6975,2
6977,8
6979,14
6981,5
6983,2
7051,19
7054,15
7056,19
7058,0
7060,19
7062,0
7064,0
7066,0
7068,0
7070,0
7072,0
7074,0
7076,0
7078,0
7080,0
7082,0
7084,0
7086,0
7110,0
7112,0
7114,15
7116,0
7122,0
7124,0
7126,0
7128,0
7130,0
7132,0
7134,0
7136,0
7138,0
7158,18
7159,2
7162,0
7164,0
7166,0
7168,18
7170,10
7172,0
7174,0
7176,0
7178,13
7180,0
7182,15
7184,0
7186,0
7188,8
7190,0
7192,0
7194,0
7196,0
7198,14
7200,0
7202,0
7204,0
7206,14
7208,2
7210,0
7212,0
7214,0
7216,9
7218,15
7220,15
7223,0
7224,0
7225,19
7230,0
7319,19
7321,7
7323,16
7325,6
7327,15
7329,11
7330,16
7331,11
7332,16
7334,16
7336,0
7338,16
7340,16
7342,6
7344,16
7346,0
7348,11
7350,16
7352,14
7354,0
7356,15
7358,0
7360,15
7362,4
7364,0
7366,6
7368,8
7370,8
7372,0
7374,18
7376,9
7378,0
7380,0
7382,14
7384,8
7386,2
7388,8
7390,0
7392,0
7394,12
7396,0
7398,15
7399,0
7400,0
7416,2
7418,0
7433,0
7435,0
7437,0
7439,5
7441,3
7443,14
7445,16
7447,16
7449,0
7451,5
7521,7
7566,0
7568,0
7650,8
7652,0
7654,0
7656,0
7658,0
7660,19
7662,0
7664,0
7666,14
7668,19
7759,14
7763,0
7767,14
7771,11
7801,0
7934,0
7936,14
7939,15
7944,7
7946,2
8007,8
8008,8
8009,14
8010,8
8011,14
8012,7
8013,18
8014,0
8015,0
8016,19
8017,19
8018,0
8019,0
8020,0
8021,0
8431,19
8496,15
8498,0
8500,8
8502,15
8504,0
8506,14
8508,2
8510,0
8512,14
8514,8
8516,0
8518,0
8520,0
8522,0
8524,0
8526,0
8528,0
8530,0
8532,0
8548,0
8550,0
8552,7
8554,15
8556,0
8558,12
8560,0
8562,0
8564,0
8566,0
8568,0
8570,0
8572,15
8574,0
8576,0
8578,0
8580,0
8582,0
8584,0
8586,0
8588,0
8590,0
8592,0
8594,0
8596,0
8598,0
8600,0
8602,0
8604,0
8606,0
8608,0
8610,17
8612,0
8614,0
8616,14
8618,0
8620,0
8622,0
8778,12
8780,9
8782,9
8784,14
8786,2
8788,14
8790,2
8792,7
8794,7
8837,0
8872,0
8880,0
8882,9
8901,4
8921,2
9003,3
9004,14
9026,0
9028,4
9030,15
9032,0
9034,4
9036,18
9038,15
9040,19
9042,19
9044,14
9050,17
9052,9
9075,14
9140,15
9141,0
9142,12
9143,1
9144,17
9145,14
9174,18
9177,7
9179,19
9181,15
9183,8
9185,12
9187,14
9188,19
9189,17
9190,9
9191,2
9192,8
9193,0
9194,2
9236,19
9238,0
9239,14
9240,0
9241,7
9242,11
9243,16
9244,11
9245,14
9336,0
9337,16
9338,7
9339,0
9340,0
9341,11
9342,8
9375,0
9377,0
9378,0
9379,8
9380,0
9381,1
9382,0
9416,15
9418,0
9419,7
9420,18
9423,0
9425,11
9427,0
9429,14
9431,14
9434,14
9436,5
9438,13
9440,8
9442,0
9444,0
9446,16
9448,0
9450,0
9452,0
9454,0
9457,0
9459,0
9461,18
9463,16
9465,0
9469,8
9470,0
9472,0
9475,15
9594,5
9629,0
9634,0
9636,0
9638,7
9640,19
9642,0
9644,0
9666,7
9668,0
9670,19
9672,14
9674,15
9676,6
9678,14
9729,0
9731,0
9733,9
9735,7
9736,15
9739,0
9741,14
9743,0
9745,0
9843,0
9844,0
9845,0
9846,0
9847,0
9848,0
9849,0
9850,0
9851,0
9852,0
9853,0
9854,0
9855,3
9856,0
9857,0
9858,0
9859,0
9860,0
9861,19
9862,0
9863,0
9864,7
9865,0
9866,0
9867,0
9978,7
9980,0
9984,0
9986,19
9988,0
9992,0
9994,0
9996,0
9998,14
10000,9
10002,0
10004,0
10006,16
10008,15
10010,14
10012,10
10014,16
10016,14
10018,0
10020,7
10025,0
10029,16
10031,0
10033,11
10034,12
10035,0
10037,0
10039,14
10041,0
10043,14
10045,14
10047,14
10049,0
10051,0
10053,8
10055,0
10057,0
10059,0
10061,14
10063,0
10065,16
10067,0
10069,0
10071,0
10075,8
10077,0
10079,0
10081,0
10083,0
10085,0
10087,14
10088,3
10089,19
10090,4
10091,9
10093,0
10095,0
10097,0
10099,16
10101,0
10103,0
10105,0
10107,16
10109,19
10111,15
10113,8
10115,16
10117,14
10119,18
10121,2
10123,2
10125,14
10127,0
10129,14
10132,0
10134,7
10136,8
10138,11
10142,0
10143,11
10144,0
10145,16
10146,8
10147,11
10148,7
10149,13
10150,0
10156,19
10158,0
10159,0
10280,12
10282,14
10284,1
10286,16
10288,11
10290,0
10292,5
10294,0
10296,16
10298,0
10300,8
10302,0
10304,0
10306,12
10308,0
10310,15
10312,19
10314,16
10316,8
10318,14
10320,12
10322,15
10324,15
10326,14
10327,19
10330,15
10332,7
10334,0
10336,0
10338,14
10340,0
10342,0
10344,17
10346,14
10348,3
10350,15
10352,0
10354,8
10362,14
10364,8
10366,19
10368,8
10370,0
10372,0
10374,6
10376,0
10378,0
10380,0
10382,6
10384,7
10386,18
10388,16
10390,2
10392,0
10394,8
10396,8
10398,14
10400,0
10402,0
10404,7
10406,15
10408,16
10410,0
10412,8
10414,15
10416,0
10418,0
10420,0
10422,15
10424,0
10426,16
10428,0
10430,15
10432,8
10434,0
10436,0
10438,16
10440,0
10442,0
10444,16
10446,0
10448,11
10450,0
10452,16
10454,15
10456,16
10458,0
10460,15
10462,5
10464,16
10466,18
10468,0
10470,0
10472,16
10474,16
10476,0
10564,15
10589,15
10808,18
10810,15
10812,17
10814,0
10816,0
10818,12
10820,0
10822,0
10824,18
10826,8
10828,0
10891,0
10909,0
10911,0
10913,0
10915,0
10917,0
10919,0
10921,0
10923,0
10925,0
10927,0
10929,0
10931,0
10937,16
10952,0
10954,0
10956,0
10958,0
10973,9
10978,0
10981,6
11037,14
11061,0
11065,19
11069,9
11072,8
11074,11
11076,0
11079,14
11083,0
11085,0
11088,0
11090,0
11092,0
11095,15
11103,0
11105,9
11113,14
11115,8
11118,16
11126,8
11128,0
11130,0
11133,8
11159,15
11200,11
11205,0
11212,15
11217,0
11222,0
11230,8
11232,13
11235,2
11237,13
11238,0
11240,0
11242,14
11244,14
11246,0
11248,0
11250,11
11252,19
11254,15
11256,0
11260,0
11262,0
11264,0
11266,0
11284,8
11286,18
11324,0
11326,2
11328,11
11330,11
11332,0
11334,0
11335,13
11367,0
11369,14
11371,0
11373,0
11375,0
11377,0
11429,0
11431,0
11433,17
11435,0
11437,0
11439,0
11441,0
11443,0
11445,0
11447,0
11449,0
11451,0
11453,0
11455,0
11457,0
11459,0
11461,0
11463,0
11465,15
11467,0
11469,16
11471,0
11473,0
11475,0
11477,0
11479,0
11481,0
11483,0
11485,6
11487,0
11489,0
11491,0
11493,0
11495,0
11497,15
11499,0
11501,0
11503,0
11505,0
11507,0
11509,0
11511,0
11513,0
11515,0
11517,0
11519,0
11521,0
11523,0
11525,15
11656,0
11690,0
11694,9
11696,0
11698,16
11700,15
11702,18
11704,16
11706,7
11708,12
11710,0
11712,19
11714,19
11716,1
11718,10
11720,15
11722,3
11724,15
11726,3
11728,16
11730,14
11732,15
11736,14
11738,15
11814,15
11816,0
11818,14
11820,0
11822,15
11824,0
11826,8
11828,11
11830,7
11832,0
11834,7
11836,0
11838,14
11840,3
11842,14
11844,0
11846,0
11848,18
11850,18
11852,14
11854,0
11856,3
11864,0
11866,8
11868,0
11870,5
11872,8
11874,0
11876,8
11942,6
11944,9
11946,0
11960,0
11962,19
12007,18
12009,10
12011,7
12013,4
12015,0
12017,7
12019,19
12021,14
12023,0
12025,0
12027,0
12029,8
12031,15
12033,5
12035,7
12037,7
12039,18
12041,11
12043,18
12045,0
12047,9
12049,0
12051,7
12053,14
12055,14
12057,1
12059,17
12061,3
12063,18
12065,17
12067,14
12069,1
12071,10
12073,19
12075,14
12077,11
12079,15
12081,8
12083,2
12085,16
12087,0
12089,9
12091,19
12093,10
12095,2
12097,0
12099,0
12101,14
12103,0
12105,0
12107,0
12109,15
12111,19
12113,0
12115,15
12117,14
12119,7
12121,17
12123,8
12127,8
12129,0
12130,7
12134,7
12136,0
12138,0
12140,16
12142,19
12144,16
12146,8
12148,17
12153,0
12155,15
12156,7
12172,17
12174,19
12176,11
12181,2
12183,7
12204,7
12207,0
12210,0
12213,0
12216,0
12219,0
12222,0
12422,0
12423,15
12424,7
12425,0
12426,14
12427,8
12428,0
12429,0
12430,0
12431,0
12432,0
12433,0
12434,11
12435,12
12436,11
12437,0
12438,7
12439,14
12440,0
12441,14
12442,5
12443,0
12444,9
12445,0
12446,0
12447,0
12448,0
12449,0
12450,11
12451,7
12452,14
12453,0
12454,0
12455,0
12456,0
12457,0
12458,0
12459,0
12460,0
12461,0
12462,0
12463,0
12464,9
12465,0
12466,0
12467,16
12468,18
12531,18
12533,0
12535,15
12539,14
12559,14
12561,0
12563,0
12565,0
12567,15
12568,14
12570,0
12572,11
12574,12
12576,15
12581,15
12583,0
12588,0
12590,0
12608,0
12622,0
12776,0
12778,2
12780,0
12782,0
12784,0
12786,18
12788,1
12790,14
12792,9
12794,0
12796,12
12798,0
12800,0
12802,16
12804,8
12806,7
12808,0
12810,0
12812,0
12814,0
12816,0
12818,14
12820,14
12822,0
12824,0
12825,8
12826,0
12827,0
12828,19
12829,0
12830,0
12831,0
12832,0
12833,8
12834,0
12835,0
12836,0
12837,0
12838,0
12839,0
12840,0
12841,0
12871,0
12878,0
12885,0
12892,0
12899,3
12906,0
12913,11
12920,0
12927,0
12934,0
12936,7
12943,1
12950,16
12957,0
12969,0
12976,0
12983,0
12994,8
13006,0
13081,8
13083,16
13095,8
13097,15
13099,19
13101,15
13103,5
13105,14
13107,14
13109,0
13111,0
13113,0
13115,15
13278,2
13279,18
13280,0
13290,5
13337,11
13355,0
13358,0
13360,0
13362,0
13364,0
13366,0
13368,0
13370,0
13372,0
13374,0
13431,0
13433,19
13435,15
13563,14
13734,0
13736,17
13738,18
13740,14
13742,0
13744,4
13746,0
13748,0
13750,0
13752,14
13754,8
13858,15
13861,14
13864,5
13867,14
13870,0
13873,19
13876,0
13879,19
13883,0
13884,7
13887,16
13890,0
13893,0
13896,16
13899,16
13902,0
13905,14
13908,0
13911,0
13914,0
13917,0
13920,0
13923,15
13926,0
13929,0
13932,0
13935,0
13938,16
13941,0
13944,17
13947,16
13950,0
13953,0
13957,0
13958,16
13961,14
13964,14
13967,0
13970,0
13973,14
13976,11
13979,9
13982,14
13985,14
13988,15
14472,0
14474,4
14476,0
14479,16
14484,2
14490,16
14492,5
14494,7
14497,1
14499,12
14501,14
14525,0
14527,8
14529,8
14531,0
14616,17
14622,14
14623,5
14665,15
14679,19
14793,1
14836,5
14838,0
14840,0
14842,0
14844,0
14846,11
14848,15
14850,0
14852,7
14854,11
14856,9
14859,0
14870,16
15119,0
15121,0
15123,0
15126,8
15241,16
15243,9
15259,2
15263,0
15264,0
15266,14
15270,2
15272,14
15304,8
15305,1
15306,15
15307,0
15308,1
15309,8
15310,3
15311,0
15312,8
15313,10
15314,15
15315,0
15316,14
15317,2
15318,0
15319,0
15320,15
15321,8
15322,0
15323,0
15324,8
15325,2
15326,15
15327,0
15328,19
15329,8
15330,9
15331,0
15415,2
15416,14
15465,0
15466,0
15467,0
15468,0
15469,0
15470,0
15471,0
15472,0
15473,0
15486,7
15488,0
15490,19
15503,0
15505,16
15507,3
15509,2
15511,0
15513,0
15515,15
15517,0
18691,0
18693,0
18695,14
18697,0
18699,0
18832,13
19143,8
19146,0
19149,18
19152,0
19157,18
19162,3
19167,8
19169,7
19171,0
19173,14
19175,16
19177,19
19179,14
19182,0
19185,0
19188,0
19190,16
19192,11
19194,15
19196,16
19198,0
19200,7
19203,16
19206,19
19209,8
19211,8
19213,15
19215,19
19217,16
19219,19
19221,16
19224,0
19227,12
19230,0
19232,7
19234,16
19236,0
19238,16
19240,6
19242,0
19245,16
19248,0
19251,15
19253,16
19255,16
19257,15
19259,0
19261,0
19263,8
19266,0
19269,0
19272,0
19275,15
19278,19
19281,15
19284,16
19287,12
19290,19
19293,0
19296,14
19299,8
19302,0
19305,11
19308,11
19311,0
19314,0
19317,14
19320,0
19323,8
19325,8
19327,0
19329,4
19331,16
19333,16
19346,0
19348,14
19350,7
19352,8
19354,19
19356,8
19358,19
19360,7
19362,14
19364,17
19366,15
19368,16
19370,0
19372,0
19374,16
19376,16
19378,16
19380,15
19382,19
19384,0
19386,15
19388,0
19390,0
19392,0
19394,0
19396,8
19398,12
19401,8
19404,0
19407,8
19410,0
19413,16
19416,8
19419,6
19422,18
19425,17
19428,8
19431,12
19434,15
19437,8
19440,0
19443,0
19445,15
19447,6
19449,14
19451,0
19453,12
19455,16
19457,8
19459,0
19461,8
19463,0
19465,7
19475,15
19476,15
19477,10
19478,11
19479,2
19480,15
19600,1
19601,1
19602,14
19603,5
19604,16
19605,2
19606,7
19607,4
19608,14
19609,7
19610,5
19611,13
19621,14
19622,8
19769,18
19830,8
19922,0
19927,14
19932,14
19965,0
19967,11
19994,0
19996,11
19998,0
19999,0
20000,0
20001,0
20002,0
20003,16
20004,19
20005,0
20006,0
20007,19
20008,0
20009,0
20010,0
20011,19
20012,7
20013,0
20014,0
20015,17
20016,0
20017,0
20018,0
20019,0
20020,0
20021,0
20022,0
20023,0
20024,19
20025,0
20026,0
20027,0
20028,14
20029,0
20030,0
20031,0
20032,0
20033,0
20034,0
20035,0
20036,0
20037,0
20038,0
20039,0
20040,0
20041,0
20042,0
20052,12
20053,0
20070,0
20125,7
20127,1
20129,19
20131,11
20133,3
20135,18
20139,0
20143,8
20147,10
20151,9
20155,2
20159,9
20163,7
20167,18
20171,16
20264,12
20266,17
20268,12
20272,0
20278,0
20284,0
20290,14
20296,0
20302,11
20308,8
20314,0
20320,0
20326,0
20332,8
20338,15
20344,8
20350,0
20356,0
20362,0
20368,0
20374,1
20380,0
20386,0
20392,0
20398,19
20404,14
20410,0
20416,0
20422,14
20436,0
20438,0
20440,0
20442,0
20444,0
20446,0
20448,0
20450,0
20452,0
20454,0
20456,14
20458,0
20460,0
20462,0
20464,0
20466,14
20659,11
20661,17
20667,9
20671,0
21358,14
21364,0
21365,14
21369,16
21620,7
21621,1
21622,18
21624,14
21626,19
21628,14
21630,12
21632,14
21634,14
21636,8
21736,12
21742,0
21744,15
21750,0
21752,5
21758,0
21760,5
21766,0
21768,0
21773,14
21774,15
21777,19
21778,15
21787,19
21790,0
21793,19
22446,14
22448,0
22449,4
22450,10
22451,19
22452,17
22454,0
22456,0
22458,14
22462,0
22466,0
22470,14
22474,2
22478,15
22482,14
22486,0
22490,19
22494,19
22498,8
23048,18
23050,16
23052,19
23058,19
23060,13
23062,9
23065,18
23122,0
23125,0
23131,4
23137,0
23143,0
23149,0
23155,0
23161,18
23167,0
23173,0
23179,0
23185,0
23191,14
23195,0
23207,0
23219,0
23231,14
23243,14
23255,15
23267,0
23279,2
23291,0
23303,9
23315,19
23327,19
23339,19
23351,10
23363,19
23375,0
23387,19
23399,18
23411,0
23423,0
23435,0
23447,0
23459,15
23471,0
23489,18
23525,19
23537,0
23555,15
23567,0
23579,19
23591,16
23609,0
23621,16
24116,1
24315,16
24336,12
24340,0
24342,16
24344,19
24346,19
24352,18
24365,0
24372,14
24374,8
24376,2
24379,17
24382,16
24386,11
24388,14
24431,14
24992,10
24995,16
24998,16
25001,19
25004,3
25007,10
25010,16
25013,7
25016,3
25019,0
25022,3
25025,15
25028,14
25031,14
25034,16
25037,3
25058,4
25060,0
25062,2
25064,16
25066,2
25068,7
25312,14
25314,0
25316,2
25318,12
25478,0
25481,5
25483,16
25485,0
25487,0
25489,0
25491,0
25493,5
25495,8
25497,15
25499,8
25501,15
25503,19
25505,18
25507,19
25509,0
25511,0
25513,0
25515,0
25517,0
25519,0
25521,0
25523,0
25525,0
25527,0
25529,0
25531,0
25533,0
25535,0
25537,0
25539,0
25541,0
25543,0
25545,10
25547,0
25549,8
25551,7
25553,11
25555,5
25559,19
25562,16
25564,0
25638,7
25640,16
25642,7
25644,0
25646,9
25648,13
25650,19
25652,3
25654,7
25656,0
25658,0
25660,8
25662,2
25664,19
25666,15
25668,17
25670,2
25672,0
25674,19
25676,14
25680,0
25689,15
25692,16
25694,0
25698,2
25707,11
25710,7
25712,0
25716,0
25725,15
25727,0
25731,15
25740,18
25743,19
25745,0
25749,19
25758,0
25761,0
25763,0
25767,14
25776,8
25779,0
25781,19
25785,14
25794,16
25796,14
25798,19
25800,14
25802,7
25804,16
25806,19
25808,19
25810,19
25812,0
25814,0
25821,19
25823,16
25825,0
25827,11
25829,19
25831,15
25833,19
25835,15
25837,15
25839,19
25841,15
25843,15
25845,8
25847,15
25849,15
25851,19
25853,15
25855,17
25857,0
25859,14
25861,0
25863,0
25865,0
25873,14
25875,16
25877,16
25879,0
25881,0
25883,7
25885,18
25887,11
25889,3
25891,9
25894,11
25895,12
25896,5
25897,0
25898,0
25899,0
25900,11
25901,5
25902,11
25903,0
25904,0
25905,0
25906,2
25907,4
25908,15
25909,0
25910,0
25911,7
25912,0
25913,0
25914,13
25915,1
25916,18
25917,19
25918,18
25919,15
25921,15
25923,0
25925,0
25927,0
25929,15
25932,15
25933,0
25935,0
25939,0
25948,0
25978,5
25980,5
26283,8
26286,13
26289,1
26292,0
26295,7
26298,19
26301,0
26304,9
26307,0
26310,14
26313,19
26325,0
26326,14
26327,8
26337,17
26338,2
26339,19
26346,8
26347,18
26348,16
26493,0
26578,17
26579,11
26583,15
26587,0
26591,7
26595,17
26599,7
27157,14
27159,19
27161,14
27163,1
27165,7
27168,18
27170,0
27481,18
27484,3
27487,14
27496,0
27498,0
27500,0
27502,0
27504,13
27506,0
27508,0
27510,0
27512,0
27514,0
27516,0
27518,0
27520,0
27532,0
27641,10
28191,16
28193,6
28195,17
28197,0
28199,15
28201,5
28203,0
28205,0
28207,0
28209,19
28211,0
28213,0
28215,0
28227,12
28239,19
28253,14
28256,9
28258,19
28259,8
28260,18
28261,15
28262,2
28263,8
28264,14
28265,19
28266,19
28436,1
28437,8
28441,12
28445,11
28447,7
28449,19
28451,11
28453,11
28455,7
28465,8
28537,14
28539,14
28541,18
28543,0
28545,3
28597,11
28608,0
28611,5
28614,18
28617,3
28621,15
28627,2
28628,15
28640,14
28642,0
28644,0
28646,14
28648,19
28656,11
28659,0
28661,0
28667,0
28669,0
28671,0
28673,0
28675,0
28677,0
28679,0
28681,0
29239,0
29241,0
29243,0
29245,14
29247,17
29249,0
29251,14
29253,14
29255,15
29257,3
29269,0
29271,0
29273,16
29287,0
29290,8
29313,5
29314,19
29315,5
29316,15
29317,1
29318,9
29319,11
29320,7
29321,13
29322,18
29323,12
29324,18
29448,8
29450,0
29452,3
29454,0
29456,0
29458,0
29492,1
29534,19
29537,17
29540,19
29543,18
29544,14
29556,15
29611,8
29614,7
29617,0
29622,0
29627,0
29635,8
29729,19
29734,5
29736,18
29854,0
29857,11
29860,14
29863,14
29864,16
30004,7
30005,0
30008,19
30011,0
30014,16
30018,15
30022,8
30027,12
30028,16
30030,19
30054,0
30055,0
30056,0
30057,0
30058,0
30059,0
30060,0
30072,0
30073,0
30074,0
30075,0
30076,18
30078,0
30079,0
30080,0
30081,0
30082,0
30083,0
30084,0
30085,0
30086,0
30087,0
30088,0
30089,0
30090,17
30091,0
30092,0
30093,0
30094,0
30095,0
30096,0
30097,0
30098,0
30099,0
30100,0
30101,0
30102,0
30103,0
30104,0
30105,0
30106,0
30107,0
30108,0
30109,0
30110,0
30111,0
30112,0
30113,0
30114,0
30115,0
30116,0
30117,7
30118,0
30119,0
30120,0
30121,0
30122,0
30123,0
30124,0
30125,0
30126,0
30127,0
30209,1
30213,0
30372,18
30412,0
30568,0
30576,1
30778,2
30779,0
30825,10
30828,5
30901,9
30903,0
30905,12
30915,9
30930,3
30933,18
30936,0
30939,16
30943,0
31042,19
31043,10
31044,14
31189,2
31203,11
31312,2
31313,0
31315,0
31317,17
31322,18
31328,9
31332,0
31335,7
31373,7
31375,2
31376,9
31377,19
31396,0
31401,8
31410,10
31412,8
31414,14
31416,10
31437,8
31595,11
31596,0
31597,11
31598,18
31613,18
31665,18
31721,10
31725,19
31729,9
31733,8
31737,1
31851,9
31853,14
31855,1
31857,0
31859,0
31861,0
31863,0
31865,0
31867,14
31868,2
31869,0
31872,0
31875,8
31878,15
31881,12
31900,0
31901,0
31902,0
31903,0
31904,0
31905,0
31906,0
31907,0
31908,0
31926,0
32090,0
32092,9
32206,7
32208,14
32210,15
32213,0
32216,14
32219,13
32222,7
32225,16
32228,19
32231,14
32234,15
32237,0
32240,15
32243,3
32272,14
32341,7
32368,7
32370,15
32372,9
32623,7
32665,10
32692,15
32707,15
32753,0
32755,3
32757,0
32759,0
32761,0
32763,0
32765,16
32767,15
32769,14
32771,17
32773,14
32775,1
32777,9
32779,0
32781,16
32783,18
32785,0
32787,0
32789,0
32791,13
32793,0
32795,0
32797,0
32799,19
32801,0
32803,0
32805,0
32807,8
32809,0
32811,0
32813,14
32815,6
32818,16
32819,0
32820,0
32821,13
32829,0
32832,11
32843,17
32859,1
32871,0
32883,5
32895,15
32907,0
32919,9
32931,0
32943,14
32947,0
32958,14
32970,16
32982,18
32994,8
33006,18
33018,9
33030,8
33186,11
33260,7
33294,2
33296,14
33298,0
33498,7
33500,15
33502,7
33505,1
33506,9
33507,15
33508,16
33510,0
33512,14
33514,0
33516,0
33518,6
33520,6
33619,19
33622,15
33625,0
33628,0
33870,5
33896,15
33901,0
33934,11
33936,0
33938,0
33940,0
33942,0
33944,0
33946,0
33948,19
33950,0
33952,14
33954,0
33956,0
33958,0
33960,0
33962,0
34137,8
34139,0
34141,0
34146,0
34151,8
34153,19
34156,0
34159,5
34235,16
34717,3
34719,15
34721,10
34723,7
34725,9
34727,16
34729,5
34732,14
34734,0
34736,0
34828,11
34830,0
34832,0
34852,0
34855,3
34858,0
34929,7
34936,0
34957,0
34972,0
34974,15
34976,0
34978,0
34981,17
34984,0
35008,1
35010,8
35055,14
35057,0
35059,0
35061,14
35063,0
35065,0
35067,4
35069,0
35071,4
35073,0
35075,3
35077,0
35079,0
35081,14
35115,5
35116,0
35117,0
35148,14
35199,7
35226,15
35227,3
35228,5
35317,0
35400,19
35404,6
35408,19
35412,18
35416,5
35583,0
35585,0
35735,14
35737,0
35739,15
35741,1
35754,14
35767,16
35769,19
35771,1
35781,0
35985,8
35989,0
36004,0
36008,7
36019,9
36023,7
36060,0
36063,18
36204,0
36206,14
36207,0
36274,18
36376,14
36380,9
36384,19
36390,12
36391,8
36725,15
36726,1
36728,18
36730,16
36802,0
36805,0
36808,0
36811,0
36814,3
36815,0
36816,0
36817,11
36818,0
36820,0
36919,14
36961,14
37009,15
37011,0
37012,19
37014,0
37015,19
37017,0
37018,18
37020,0
37021,0
37023,0
37024,14
37026,0
37027,19
37029,0
37030,0
37031,0
37032,16
37033,2
37034,8
37037,15
37040,18
37043,0
37046,18
37049,19
37052,0
37055,19
37058,2
37061,19
37064,8
37067,10
37070,5
37072,0
37075,0
37077,0
37080,12
37082,0
37085,7
37087,0
37090,17
37092,0
37095,2
37097,0
37227,1
37417,0
37433,0
37437,0
37441,0
37445,3
37449,0
37506,0
37507,0
37508,0
37538,0
37540,0
37542,0
37544,7
37622,0
37624,8
37626,0
37630,19
37632,0
37636,16
37640,10
37824,0
37870,0
37872,0
37874,0
37876,0
37878,0
37880,19
37882,0
37884,0
37886,0
37914,14
37929,0
37931,0
37933,0
37935,0
37937,16
37939,11
37952,12
37953,14
37963,14
37965,7
37967,12
37969,5
37971,13
37973,0
37975,3
38009,0
38011,0
38013,0
38015,0
38017,2
38019,17
38021,0
38023,0
38025,0
38027,0
38029,0
38031,0
38033,0
38035,0
38036,0
38037,0
38038,0
38039,0
38060,0
38062,17
38064,7
38203,7
38452,19
38463,0
38464,0
38465,0
38466,0
38467,0
38468,0
38469,0
38470,14
38788,14
38790,0
38792,0
38794,0
38796,17
38798,0
38800,19
38802,0
38823,11
38828,8
38833,0
38872,10
38964,0
38990,0
38991,0
38992,0
38993,0
39010,8
39047,7
39049,15
39053,18
39057,7
39061,16
39065,0
39067,12
39157,0
39160,19
39248,0
39269,2
39271,19
39273,15
39275,0
39322,3
39324,0
39326,0
39328,0
39330,0
39332,5
39334,0
39336,14
39338,11
39340,0
39342,0
39344,0
39346,15
39348,0
39350,0
39352,7
39355,9
39358,7
39361,0
39364,15
39367,0
39370,7
39373,14
39376,0
39379,11
39382,0
39385,19
39423,0
39573,0
39574,0
39576,0
39579,1
39581,0
39584,10
39586,16
39588,5
39590,0
39592,0
39659,0
39686,0
39808,16
39810,0
39812,7
39814,0
39816,18
39818,7
39820,8
39822,8
39887,15
39889,18
39891,0
39893,8
39895,14
39897,16
39899,8
39901,0
39935,0
39937,0
39939,0
39941,0
39943,0
39945,0
39947,0
39949,0
39951,0
39953,0
39955,0
39957,0
39959,0
39961,0
39963,0
39965,0
39967,0
40027,0
40028,0
40029,0
40030,0
40031,7
40032,0
40033,0
40034,0
40035,4
40036,0
40037,0
40038,0
40039,0
40185,0
40187,8
40259,19
40260,14
40261,18
40262,14
40263,7
40264,14
40285,14
40287,13
40289,11
40291,15
40293,18
40295,15
40297,1
40303,18
40310,5
40312,18
40316,8
40320,14
40324,2
40334,7
40338,11
40599,0
40600,15
40602,0
40648,0
40655,15
40659,7
40766,18
40774,0
40782,3
40790,7
40798,2
40806,7
40814,0
40822,14
40830,15
40838,12
40846,0
40854,0
40862,0
40870,0
40878,8
40886,4
40894,0
40902,19
40910,14
40918,12
40924,16
40926,4
40928,15
40930,15
40955,0
40959,0
40966,0
40968,0
40970,0
40972,0
40974,0
40977,0
40980,0
40982,0
40987,7
40989,0
40991,4
40995,11
41039,8
41073,3
41086,17
41087,14
41088,3
41106,7
41169,0
41171,14
41173,0
41175,19
41177,0
41179,0
41181,0
41183,0
41185,11
41187,0
41189,0
41197,9
41198,14
41200,17
41202,16
41204,4
41206,7
41208,14
41210,18
41212,7
41213,14
41214,17
41215,0
41217,18
41223,18
41225,1
41227,9
41345,19
41346,14
41347,17
41348,16
41349,14
41397,0
41400,0
41403,14
41507,2
41508,16
41509,5
41510,0
41511,0
41512,0
41513,0
41514,15
41515,0
41516,15
41575,15
41580,9
41582,15
41589,16
41592,0
41593,0
41594,0
41595,0
41596,0
41622,0
41623,0
41624,5
41625,0
41626,0
41627,5
41628,0
41629,0
41630,5
41631,19
41632,15
41633,2
41634,7
41639,0
41644,0
41649,15
41654,0
41659,0
41664,0
41669,9
41674,16
41679,16
41684,0
41721,18
41722,0
41723,0
41724,0
41725,0
41726,14
41727,0
41728,0
41801,18
41802,15
41803,16
41804,0
41809,13
41811,8
41813,11
41820,0
41843,11
41845,5
41847,9
41861,0
41863,0
41865,0
41867,0
41869,0
41871,8
41873,0
41875,0
41877,0
41879,0
41881,0
41883,0
41885,1
41887,7
41889,0
41892,14
41894,5
41896,6
41898,18
41900,18
41902,15
41904,5
41906,8
41908,11
41910,0
41912,0
41914,5
41916,0
41918,16
41920,0
41922,16
41924,0
41926,12
41928,9
41931,0
41934,8
41937,11
41940,0
41943,16
41946,19
41948,7
41954,19
41956,14
41961,8
41966,0
41968,14
41970,6
41972,5
41974,16
41976,16
41978,6
41980,14
41982,0
41984,14
41986,16
41987,0
41989,0
41991,15
41993,0
41995,0
41997,14
42238,0
42239,0
42240,0
42249,0
42251,8
42254,3
42256,14
42258,18
42260,0
42262,0
42265,0
42267,12
42269,9
42271,0
42276,0
42304,14
42380,0
42382,0
42418,14
42420,0
42422,0
42424,0
42426,16
42428,0
42430,0
42432,4
42434,11
42436,0
42438,17
42440,15
42442,0
42445,19
42491,0
42517,15
42520,0
42619,19
42748,15
42767,0
42770,10
42774,18
42782,0
42785,4
42893,0
42935,15
42936,14
42937,11
42938,5
42939,0
42954,18
43053,15
43067,15
43070,1
43071,17
43073,0
43155,0
43158,0
43161,0
43164,11
43165,10
43166,8
43169,12
43172,11
43313,17
43315,0
43317,19
43319,0
43321,0
43323,0
43325,0
43327,0
43329,0
43331,0
43333,0
43335,0
43337,14
43339,0
43341,0
43343,0
43345,0
43347,0
43357,3
43358,8
43389,11
43391,16
43393,0
43442,0
43454,0
43466,0
43478,0
43490,15
43502,15
43514,0
43574,10
43576,0
43578,16
43580,15
43586,2
43589,8
43591,11
43593,7
43598,2
43600,2
43602,2
43604,19
43606,14
43608,8
43610,2
43619,14
43621,19
43623,8
43625,19
43627,19
43629,18
43637,7
43639,18
43641,14
43643,0
43645,14
43647,14
43657,14
43660,15
43663,1
43666,18
43669,15
43672,0
43678,19
43681,1
43684,8
43687,14
43690,16
43693,9
43696,0
43699,7
43702,15
43705,16
43708,18
43712,1
43716,16
43720,8
43724,11
43945,14
43947,3
43949,0
43951,14
43953,5
43966,17
43973,10
43975,7
43977,1
43979,13
43981,16
43983,13
43985,19
43987,11
43989,12
43991,19
43993,7
43995,8
43997,13
44032,9
44034,19
44036,11
44045,7
44047,15
44049,0
44051,0
44053,14
44055,7
44057,0
44059,0
44061,16
44063,3
44065,0
44067,0
44069,0
44071,15
44073,0
44075,0
44077,0
44079,16
44081,0
44083,0
44085,14
44087,8
44089,0
44091,0
44093,17
44095,15
44097,0
44099,0
44135,15
44148,0
44149,0
44150,11
44151,0
44343,0
44391,0
44396,0
44401,0
44406,14
44411,0
44416,9
44421,0
44426,0
44429,15
44430,3
44432,0
44433,0
44434,0
44523,0
44525,4
44527,14
44529,19
44531,15
44533,0
44535,8
44538,4
44540,11
44546,0
44548,10
44624,14
44626,0
44628,17
44630,0
44632,0
44634,0
44636,9
44638,0
44640,0
44642,0
44644,8
44646,0
44648,0
44650,0
44652,0
44654,0
44656,8
44658,0
44660,0
44662,0
44664,0
44666,4
44668,0
44670,0
44672,0
44674,0
44676,0
44678,0
44680,0
44682,0
44684,0
44686,3
44688,0
44690,0
44692,0
44694,0
44696,0
44698,5
44768,11
44779,0
44781,19
44783,0
44785,19
44787,8
44789,18
44791,11
44793,3
44795,9
44797,17
44799,8
44800,1
44801,9
44802,0
44803,3
44804,8
44805,1
44806,11
44807,8
44808,8
44809,14
44810,12
44811,14
44812,1
44813,18
44814,14
44815,9
44820,17
44822,1
44824,15
44826,19
44828,18
44830,8
44832,16
44837,19
44838,14
44840,12
44842,13
44844,8
44847,0
44850,0
44855,0
44858,0
44863,0
44866,0
44871,0
44874,0
44879,0
44882,0
44887,0
44890,0
44895,0
44898,18
44903,14
44906,16
44911,0
44914,14
44919,0
44922,19
44926,0
44929,0
44932,0
44936,0
44939,0
44942,0
44947,14
44950,9
44955,0
44958,0
44963,0
44966,0
44971,0
44974,0
44979,14
44982,0
44987,14
44990,19
44995,0
44998,0
45003,0
45006,8
45011,0
45014,0
45019,19
45022,9
45027,0
45030,17
45035,0
45038,0
45043,0
45046,7
45051,7
45054,0
45058,5
45061,0
45064,0
45069,0
45072,5
45076,16
45081,0
45086,0
45091,0
45096,0
45102,0
45107,16
45112,0
45117,0
45122,0
45128,0
45133,0
45138,0
45143,0
45148,11
45154,15
45156,0
45158,0
45160,0
45162,16
45165,18
45170,0
45175,0
45180,0
45185,16
45191,3
45196,0
45201,0
45206,0
45211,12
45217,4
45222,0
45227,0
45232,15
45237,11
45243,5
45248,0
45253,0
45258,0
45263,6
45269,19
45274,0
45279,14
45284,0
45289,0
45295,11
45300,0
45305,0
45310,0
45315,14
45321,0
45324,0
45328,7
45331,0
45335,0
45338,0
45342,0
45345,0
45349,14
45352,0
45356,0
45359,0
45363,0
45366,0
45370,0
45373,0
45377,0
45380,0
45384,17
45387,0
45391,0
45394,0
45398,0
45401,0
45431,0
45441,8
45442,0
45443,12
45444,8
45445,16
45446,0
45447,9
45448,0
45449,7
45450,0
45451,0
45452,0
45453,7
45454,14
45455,0
45456,18
45457,4
45458,8
45459,8
45460,15
45461,16
45462,11
45463,5
45464,12
45465,19
45466,18
45467,12
45468,2
45469,0
45470,14
45471,0
45472,6
45473,0
45474,19
45475,15
45476,16
45477,0
45478,0
45479,0
45480,6
45481,0
45482,0
45483,0
45484,0
45485,2
45486,19
45487,8
45488,7
45489,2
45490,18
45491,0
45492,15
45493,7
45494,9
45495,0
45496,0
45497,5
45498,0
45499,17
45500,19
45501,9
45502,0
45503,18
45504,16
45507,0
45508,0
45509,0
45510,0
45511,0
45512,14
45513,15
45514,7
45515,0
45516,13
45517,11
45518,0
45519,0
45520,14
45521,19
45522,5
45523,0
45524,0
45525,0
45526,16
45527,0
45528,8
45529,8
45530,14
45531,15
45532,2
45533,0
45534,8
45535,0
45536,0
45537,0
45538,7
45539,8
45540,0
45541,2
45542,14
45543,16
45544,18
45545,0
45546,14
45547,14
45548,15
45549,5
45554,0
45559,0
45564,0
45569,0
45574,11
45580,0
45585,0
45590,0
45595,0
45600,17
45605,7
45611,15
45616,0
45621,0
45626,0
45631,14
45636,14
45642,9
45644,0
45646,0
45648,16
45650,7
45652,0
45655,14
45660,0
45665,0
45670,0
45675,8
45680,15
45686,0
45691,0
45696,0
45701,0
45706,5
45711,19
45717,11
45722,15
45727,0
45732,8
45737,18
45742,9
45748,15
45753,0
45758,0
45763,0
45768,0
45773,8
45779,0
45784,0
45789,0
45794,0
45799,0
45804,0
45810,0
45815,0
45820,0
45825,0
45830,16
45835,0
45842,0
45846,0
45850,0
45854,4
45858,9
45862,0
45866,0
45870,14
45874,0
45878,0
45882,0
45886,0
45890,0
45894,0
45898,0
45902,0
45906,17
45910,8
45914,0
45918,14
45922,11
45926,14
45930,0
45934,0
45938,0
45942,0
45945,16
45948,0
45952,19
45955,18
45958,0
45960,16
45963,0
45965,5
45968,11
45970,7
45973,0
45975,16
45978,0
45984,0
45986,13
45988,15
45991,0
46032,0
46034,0
46036,9
46038,15
46041,0
46043,0
46046,14
46048,18
46051,0
46053,11
46056,0
46058,15
46061,0
46097,0
46100,0
46104,0
46107,0
46111,0
46114,0
46118,0
46121,0
46125,0
46128,2
46132,0
46135,0
46139,0
46142,14
46146,0
46149,16
46153,0
46156,0
46160,0
46163,0
46167,14
46170,0
46174,0
46177,0
46181,0
46184,0
46188,0
46191,0
46195,0
46198,7
46202,0
46205,0
46209,2
46212,0
46216,0
46219,0
46223,0
46226,0
46230,3
46233,0
46237,0
46240,0
46244,8
46247,9
46251,0
46254,0
46258,0
46261,0
46265,0
46268,0
46272,14
46275,16
46278,12
46281,0
46284,2
46288,0
46291,8
46294,15
46299,0
46304,0
46309,0
46314,15
46320,14
46325,0
46330,0
46335,0
46340,14
46346,14
46351,7
46356,0
46361,0
46366,7
46372,15
46374,0
46376,0
46378,0
46380,7
46383,6
46388,14
46393,0
46398,0
46403,2
46409,15
46414,0
46419,14
46424,17
46429,17
46435,5
46440,15
46445,0
46450,0
46455,0
46461,0
46466,0
46471,0
46476,0
46481,0
46487,14
46492,8
46497,6
46502,0
46507,18
46513,0
46518,0
46523,0
46528,0
46533,11
46539,0
46542,0
46545,14
46548,0
46552,0
46555,0
46558,0
46561,0
46565,5
46568,0
46571,14
46574,0
46578,11
46581,0
46584,0
46587,15
46591,7
46594,0
46597,0
46600,0
46604,19
46607,0
46610,0
46613,16
46617,17
46620,0
46623,0
46626,18
46630,0
46633,0
46636,0
46639,16
46643,8
46646,0
46649,0
46652,19
46656,0
46659,0
46662,0
46665,16
46669,0
46672,0
46675,5
46679,0
46682,0
46685,0
46689,0
46692,0
46695,14
46699,0
46702,0
46705,0
46709,0
46712,0
46715,15
46719,0
46722,0
46725,0
46729,0
46732,0
46735,19
46739,0
46742,0
46745,15
46749,0
46752,0
46755,15
46759,0
46762,15
46765,15
46769,0
46772,0
46775,19
46779,0
46782,0
46785,6
46789,0
46792,0
46795,9
46799,0
46802,0
46805,0
46809,0
46812,14
46815,0
46819,0
46822,0
46825,0
46829,0
46832,0
46835,7
46839,0
46842,0
46845,19
46849,0
46852,0
46855,14
46859,0
46862,14
46865,8
46869,0
46872,0
46875,5
46879,7
46882,7
46885,2
46889,0
46892,0
46895,0
46899,0
46902,0
46905,0
46909,0
46912,0
46915,19
46919,6
46922,14
46925,15
46929,0
46932,0
46935,0
46938,18
46942,0
46945,7
46948,16
46953,0
46957,0
46961,0
46965,0
46969,0
46973,0
46977,11
46981,0
46985,14
46989,0
46993,0
46997,0
47001,0
47005,0
47009,0
47013,0
47017,14
47021,8
47025,0
47029,18
47033,0
47037,8
47041,0
47045,0
47049,0
47053,9
47056,19
47059,19
47063,0
47071,0
47072,0
47074,7
47076,0
47078,0
47080,0
47082,15
47084,0
47086,15
47088,0
47090,0
47092,0
47094,0
47096,0
47098,0
47100,0
47102,0
47104,0
47106,0
47108,0
47110,19
47112,0
47114,15
47116,14
47118,0
47120,14
47122,0
47124,0
47126,19
47128,0
47130,0
47132,0
47134,0
47136,4
47138,0
47140,19
47142,0
47144,0
47146,17
47148,0
47150,19
47152,0
47154,12
47156,8
47158,0
47160,14
47162,14
47164,0
47166,8
47168,11
47170,0
47172,0
47174,0
47176,2
47178,14
47180,0
47182,0
47184,0
47186,4
47188,14
47190,8
47192,0
47194,14
47196,7
47198,19
47200,18
47202,0
47204,2
47206,14
47208,8
47210,0
47212,0
47214,0
47216,0
47218,0
47220,0
47222,0
47224,0
47226,19
47228,12
47230,13
47232,0
47234,19
47236,19
47238,12
47240,2
47242,0
47244,0
47246,17
47248,11
47250,0
47252,0
47254,3
47256,8
47258,0
47260,0
47262,0
47264,11
47266,1
47268,7
47270,3
47272,9
47274,14
47276,2
47278,7
47280,19
47282,1
47284,14
47286,9
47288,0
47290,8
47292,2
47294,14
47296,7
47298,12
47300,12
47302,15
47304,15
47306,7
47308,0
47310,18
47312,14
47314,18
47355,0
47356,0
47357,0
47358,0
47383,14
47385,8
47387,19
47389,0
47391,0
47393,0
47395,0
47397,0
47399,0
47401,0
47403,0
47405,14
47407,0
47409,0
47411,0
47413,0
47415,0
47417,0
47419,0
47421,0
47425,14
47427,0
47429,0
47431,0
47470,9
47490,16
47492,8
47494,0
47496,0
47501,19
47506,17
47532,0
47542,0
47544,0
47549,0
47554,7
47571,17
47572,19
47658,3
47661,10
47667,0
47670,0
47672,10
47685,6
47686,0
47687,19
47688,5
47689,15
47690,1
47691,7
47692,18
47693,0
47694,8
47695,12
47696,0
47697,14
47698,0
47699,7
47700,16
47701,0
47702,0
47703,14
47704,0
47705,8
47706,0
47707,19
47708,0
47709,17
47710,8
47711,0
47712,17
47713,3
47714,0
47715,1
47716,11
47751,0
47752,0
47753,0
47754,0
47820,2
47822,0
47872,0
47927,1
47930,16
47948,19
47950,0
47952,5
47954,0
47956,18
47958,14
47960,0
47962,0
47964,4
47966,0
47968,5
47970,0
47972,14
47974,0
47976,17
47978,0
47980,2
47982,0
48001,0
48003,0
48005,0
48007,0
48022,3
48025,3
48028,1
48029,0
48033,0
48037,19
48041,0
48043,0
48075,7
48077,2
48078,11
48079,15
48080,0
48081,0
48085,18
48089,19
48091,18
48093,13
48095,15
48097,1
48103,15
48201,2
48211,14
48241,0
48243,13
48281,0
48282,0
48283,0
48284,0
48285,0
48329,19
48330,0
48331,0
48341,16
48343,0
48345,17
48347,0
48432,0
48433,0
48434,0
48435,0
48453,7
48455,7
48457,7
48459,7
48461,19
48463,14
48465,0
48467,3
48469,9
48471,15
48475,2
48479,8
48483,0
48487,19
48489,7
48491,0
48493,17
48495,0
48497,19
48499,0
48501,14
48503,7
48505,14
48524,0
48525,0
48526,0
48527,0
48528,0
48529,0
48530,0
48550,0
48551,7
48552,0
48575,0
48578,0
48580,15
48582,16
48584,0
48586,3
48588,7
48590,0
48602,0
48626,16
48638,0
48662,7
48674,11
48675,14
48682,15
48684,12
48686,14
48711,8
48712,0
48716,14
48717,14
48718,11
48763,7
48764,13
48765,14
48766,14
48767,19
48768,18
48769,5
48771,0
48773,19
48776,19
48778,7
48780,2
48782,0
48804,16
48806,4
48812,19
48814,16
48820,5
48822,12
48828,8
48830,14
48836,14
48838,5
48844,13
48846,0
48852,11
48854,14
48860,11
48862,0
48868,14
48870,3
48876,14
48878,19
48884,16
48886,19
48888,7
48890,8
48921,2
48922,19
48923,2
48925,11
48926,12
48927,0
48929,0
48931,0
48933,0
48935,0
48937,4
48939,0
48942,0
48945,0
48951,9
48954,14
48957,19
48960,0
48961,12
48962,1
48966,7
48968,0
48970,0
48972,0
48974,9
48984,0
48986,0
48988,0
48990,0
48992,0
48994,14
48996,0
48998,0
49000,19
49002,0
49004,0
49006,0
49027,8
49055,8
49057,19
49059,0
49061,0
49063,12
49065,15
49067,18
49069,7
49071,19
49073,0
49075,0
49077,0
49087,7
49089,14
49091,0
49093,0
49095,2
49097,17
49099,0
49101,14
49115,8
49117,11
49119,9
49121,9
49192,15
49194,0
49196,16
49199,7
49201,8
49208,0
49230,0
49231,0
49232,0
49233,14
49234,0
49281,2
49402,0
49404,0
49405,8
49407,8
49408,12
49410,6
49411,19
49413,2
49414,10
49416,11
49417,9
49419,17
49420,8
49422,8
49430,18
49446,18
49448,16
49450,7
49452,10
49454,14
49456,9
49458,2
49460,18
49462,0
49464,14
49466,19
49468,15
49470,3
49472,19
49474,15
49476,19
49478,12
49480,1
49482,13
49484,14
49486,15
49488,11
49490,14
49492,13
49494,14
49496,8
49498,8
49500,9
49502,0
49504,11
49506,11
49508,2
49510,3
49512,15
49514,12
49517,12
49519,3
49521,18
49523,4
49525,8
49539,3
49542,8
49545,18
49548,5
49551,19
49554,14
49557,2
49560,8
49562,15
49564,11
49566,19
49584,19
49935,0
49959,8
49961,0
49963,16
49965,7
49970,19
49979,12
49982,18
50109,7
50112,7
50115,17
50162,8
50163,19
50164,19
50165,14
50166,0
50167,19
50168,0
50169,11
50207,0
50208,0
50209,0
50210,0
50211,0
50212,0
50213,0
50214,0
50252,7
50273,0
50274,0
50275,0
50276,14
50345,0
50347,15
50349,0
50350,0
50368,0
50401,0
50403,0
50405,0
50407,5
50409,0
50411,19
50413,0
50415,8
50417,0
50419,0
50443,5
50457,18
50459,7
50460,0
50462,18
50465,18
50469,9
50552,0
50553,0
50554,15
50555,0
50556,0
50557,0
50558,0
50559,0
50560,0
50561,0
50562,12
50633,0
50686,9
50688,16
50690,18
50692,15
50694,8
50696,12
50777,14
50783,0
50789,19
50795,14
50801,0
50803,0
50807,0
50819,9
50831,8
50843,11
50845,0
50847,0
50849,0
50851,14
50853,0
50855,0
50857,14
50859,7
50861,16
50863,19
50865,0
50880,14
50882,19
50884,0
50886,0
51082,18
51086,8
51094,16
51096,5
51098,0
51103,0
51105,8
51435,0
51436,0
51437,0
51438,0
51439,0
51445,11
51447,14
51449,3
51451,14
51453,14
51455,0
51457,0
51458,0
51460,0
51461,19
51463,0
51464,10
51466,0
51708,0
51710,0
51712,0
51714,0
51716,0
51718,0
51720,0
51722,11
51724,0
51726,0
51767,2
51769,0
51772,19
51776,12
51778,0
51779,9
51781,0
51782,16
51784,0
51785,3
51787,0
51789,19
51804,14
51806,10
51808,9
51810,10
51812,16
51815,8
51816,5
51817,9
51818,1
51843,3
51845,0
51858,8
51869,19
51871,15
51873,7
51875,14
51877,8
51996,0
52028,5
52032,10
52036,19
52038,0
52041,16
52045,7
52053,18
52057,18
52115,5
52121,0
52123,14
52169,19
52213,19
52215,2
52218,0
52221,17
52224,2
52227,17
52230,14
52233,0
52236,0
52239,18
52242,14
52244,0
52246,2
52248,0
52250,0
52252,0
52254,0
52256,0
52258,0
52260,16
52264,18
52268,0
52272,2
52278,19
52284,18
52289,8
52294,18
52299,17
52312,0
52313,14
52315,8
52317,2
52319,0
52321,7
52323,11
52325,11
52327,7
52329,14
52330,0
52331,0
52333,0
52335,0
52337,2
52339,0
52341,0
52343,0
52345,0
52350,3
52362,0
52374,14
52386,0
52398,0
52418,0
52420,11
52422,19
52424,0
52426,0
52428,0
52430,3
52432,0
52434,19
52436,7
52438,0
52440,0
52442,4
52444,17
52446,0
52448,0
52450,10
52452,17
52454,0
52456,0
52492,15
52495,15
52497,3
52498,1
52505,0
52507,11
52509,5
52511,8
52530,10
52548,15
52550,0
52552,0
52646,0
52647,0
52648,0
52649,0
52650,0
52651,0
52652,14
52653,0
52654,0
52664,19
52748,14
52757,17
52760,2
52795,7
52796,8
52797,2
52798,17
52799,16
52800,0
52801,0
52802,2
52803,18
52804,8
52805,2
52806,19
52807,19
52808,14
52809,19
52810,3
52811,14
52825,18
52827,0
52834,15
52835,7
52836,7
52837,7
52838,15
52848,0
52861,2
52863,0
52865,15
52926,8
52931,19
52937,14
52938,19
52939,14
52945,0
52947,7
52952,11
52954,14
52956,17
52958,0
52959,14
52987,17
52990,0
52993,0
53033,15
53038,1
53043,14
53050,16
53055,8
53060,12
53065,0
53073,15
53083,13
53088,14
53093,11
53207,1
53209,0
53313,14
53314,0
53315,0
53317,0
53319,14
53332,0
53334,0
53336,16
53338,16
53357,0
53359,0
53361,4
53363,0
53365,0
53367,19
53369,9
53371,0
53373,0
53375,7
53378,16
53381,10
53384,9
53388,5
53390,2
53404,0
53406,0
53408,0
53410,0
53444,15
53446,15
53448,2
53474,14
53476,0
53503,7
53505,2
53507,16
53509,0
53511,19
53524,8
53530,0
53536,0
53538,0
53540,17
53542,0
53543,17
53545,0
53559,0
53560,15
53562,0
53564,0
53566,0
53568,17
53612,0
53614,0
53624,0
53625,0
53626,0
53637,14
53640,0
53883,0
53884,0
53885,0
53918,1
53921,6
53923,7
53925,14
53938,0
53940,0
53942,0
53982,12
53988,1
53992,0
53996,0
53997,14
54004,8
54006,0
54018,12
54019,16
54032,19
54034,0
54070,0
54138,14
54358,15
54360,2
54362,15
54364,7
54377,0
54379,0
54381,0
54409,19
54416,0
54444,19
54446,17
54448,8
54450,0
54452,8
54454,18
54456,14
54458,9
54460,13
54468,0
54470,0
54472,16
54474,0
54533,0
54534,0
54535,0
54536,17
54560,0
54561,0
54562,0
54604,3
54606,0
54608,14
54610,14
54612,0
54614,0
54616,0
54618,0
54622,15
54623,0
54624,17
54625,0
54626,0
54627,0
54628,11
54648,0
54649,0
54650,0
54652,0
54654,0
54656,0
54658,0
54660,0
54662,0
54664,0
54666,0
54668,0
54670,0
54672,0
54674,0
54676,0
54678,0
54680,0
54682,0
54684,0
54686,0
54688,0
54690,0
54692,0
54694,0
54696,0
54698,0
54700,0
54702,0
54704,0
54725,11
54731,0
54733,14
54768,0
54792,17
54797,16
54798,10
54801,7
54821,9
54824,0
54826,0
54828,0
54836,19
54838,10
54840,0
54842,11
54844,19
54846,7
54848,14
54850,11
54852,14
54854,1
54856,12
54858,15
54860,15
54862,11
54864,16
54866,15
54868,0
54870,0
54895,14
54897,7
54899,8
54901,14
54903,0
54905,14
54907,18
54909,0
54911,0
54913,9
54915,2
54916,2
54917,7
54918,14
54919,17
54920,3
54921,3
54922,9
54923,3
54924,3
54938,18
54939,7
55193,0
55195,7
55209,17
55212,6
55263,7
55275,19
55300,0
55302,14
55308,6
55310,18
55312,0
55314,0
55316,11
55318,13
55320,4
55322,11
55324,7
55326,7
55328,15
55330,3
55336,14
55337,12
55338,11
55339,1
55340,1
55346,0
55348,0
55350,0
55352,0
55354,14
55356,14
55358,0
55360,0
55362,0
55364,14
55366,0
55368,0
55370,0
55372,14
55374,14
55376,19
55378,15
55380,15
55382,0
55384,0
55386,19
55388,19
55390,19
55392,14
55394,19
55396,14
55398,18
55400,15
55402,17
55404,19
55410,14
55412,10
55414,19
55416,14
55418,17
55424,0
55426,16
55428,8
55430,0
55432,0
55438,19
55440,2
55442,7
55444,0
55446,15
55452,18
55454,0
55456,0
55458,19
55460,14
55466,0
55468,15
55470,10
55472,0
55474,0
55480,7
55482,5
55488,10
55490,3
55492,5
55494,7
55496,7
55504,7
55506,7
55508,14
55510,15
55512,0
55514,3
55516,0
55518,0
55520,0
55522,7
55524,19
55526,15
55532,18
55534,5
55540,16
55542,7
55548,0
55595,11
55596,11
55597,7
55599,14
55600,14
55601,14
55623,8
55625,14
55627,12
55629,12
55631,12
55635,13
55636,12
55637,14
55667,2
55695,14
55696,14
55697,1
55699,0
55701,0
55703,0
55737,0
55911,14
55968,18
55973,0
55976,14
55978,9
55980,15
55982,0
55984,0
55986,0
55987,0
55988,0
56068,0
56073,2
56075,9
56079,3
56080,0
56082,18
56084,7
56086,8
56088,19
56090,19
56096,8
56100,10
56104,7
56108,19
56114,11
56120,0
56124,16
56128,10
56132,19
56148,4
56159,0
56161,15
56188,2
56207,16
56222,14
56317,11
56318,14
56321,19
56375,0
56376,6
56377,0
56398,17
56400,2
56402,0
56404,0
56406,3
56408,0
56410,0
56412,14
56414,10
56416,10
56418,8
56536,0
56541,0
56543,0
56545,14
56600,0
56602,0
56628,0
56778,0
56786,5
56791,14
56796,15
56801,19
56806,3
56811,3
56816,12
56821,19
56826,0
56831,5
56836,7
56841,11
56846,5
56851,3
56856,19
56861,11
56876,16
56878,2
56880,0
56958,0
57014,19
57016,17
57018,2
57021,9
57022,8
57025,0
57027,14
57029,8
57031,14
57033,0
57036,14
57078,0
57087,8
57092,0
57124,1
57127,9
57128,10
57156,0
57158,5
57162,5
57170,3
57172,9
57174,9
57175,5
57177,7
57179,19
57181,12
57183,5
57185,15
57187,9
57189,18
57191,8
57193,19
57203,15
57208,0
57213,0
57218,0
57223,0
57228,18
57234,14
57239,0
57244,0
57249,0
57254,16
57259,16
57265,8
57270,8
57275,0
57280,0
57285,11
57290,11
57296,0
57301,0
57306,0
57311,0
57316,0
57321,9
57327,0
57332,0
57337,14
57342,19
57347,16
57352,0
57358,5
57363,0
57368,0
57373,0
57378,0
57383,16
57389,19
57390,0
57391,11
57393,0
57395,6
57397,0
57399,9
57401,19
57404,16
57409,5
57414,0
57419,0
57424,9
57429,0
57435,19
57438,15
57440,0
57442,0
57444,0
57462,10
57465,0
57519,1
57521,7
57523,8
57524,8
57528,18
57544,10
57546,7
57551,14
57618,0
57620,0
57622,0
57626,17
57656,0
57659,0
57662,0
57668,0
57670,0
57673,16
57675,15
57677,0
57679,0
57681,0
57683,16
57685,0
57687,0
57689,7
57691,0
57693,9
57762,16
57871,3
57903,11
57919,0
57920,0
57941,17
57953,9
57954,12
57974,14
57975,2
57976,2
57977,2
57978,17
57979,17
57980,17
57981,17
58036,1
58041,1
58046,15
58052,19
58055,14
58061,19
58064,19
58070,19
58073,18
58075,8
58077,18
58079,18
58081,8
58083,0
58088,2
58090,0
58092,0
58094,12
58099,19
58101,18
58106,7
58157,12
58162,0
58167,0
58172,0
58177,0
58182,0
58188,0
58193,0
58198,0
58203,0
58208,0
58213,5
58219,19
58221,14
58223,15
58229,0
58231,19
58233,14
58235,15
58237,14
58239,0
58250,14
58253,0
58255,14
58256,8
58257,8
58258,15
58259,15
58261,0
58262,7
58273,18
58288,0
58334,7
58336,0
58338,0
58340,0
58342,0
58344,0
58346,0
58348,0
58350,14
58352,7
58354,0
58356,0
